URL,Status,Response Code,Protocol,Method,Content-Type,Client Address,Remote Address,Exception,Request Start Time,Request End Time,Response Start Time,Response End Time,Duration (ms),DNS Duration (ms),Connect Duration (ms),SSL Duration (ms),Request Duration (ms),Response Duration (ms),Latency (ms),Speed (KB/s),Request Speed (KB/s),Response Speed (KB/s),Request Header Size (bytes),Request Body Size (bytes),Response Header Size (bytes),Response Body Size (bytes),Request Compression,Response Compression
http://mobile.ximalaya.com/mobile/download/v1/1266964/track/12905956/ts-1576063696011?device=android&trackId=12905956&trackQualityLevel=0&uid=1266964,COMPLETE,200,http,GET,application/json;charset=UTF-8,/192.168.113.1,mobile.ximalaya.com/61.179.224.86,,11 十二月 2019 19:28:10,11 十二月 2019 19:28:10,11 十二月 2019 19:28:11,11 十二月 2019 19:28:11,400,,,,1,70,329,6.4570312,1189.4531,19.907227,1218,,662,765,,46.1%
http://download.xmcdn.com/group14/M0A/19/EC/wKgDZFbc8b7DmsQ_AA6ueRVrLic992.m4a,COMPLETE,200,http,GET,text/html;,/192.168.113.1,download.xmcdn.com/119.167.172.209,,11 十二月 2019 19:28:11,11 十二月 2019 19:28:11,11 十二月 2019 19:28:11,11 十二月 2019 19:28:11,40,21,14,,1,1,3,8.71582,181.64062,166.99219,186,,0,171,,
http://mobile.ximalaya.com/mobile/v1/download/record?clientTraffic=171&downloadDuration=782&downloadPercent=100.00&downloadSize=171&isBatch=false&isPaid=false&sendDataTime=1576063696792&sequenceId=1147590196963963108&signature=84ec235ab60ab452650ed15794ea15ed&startTime=1576063696010&trackDuration=311&trackId=12905956&verifyToken=84ec235ab60ab452650ed15794ea15ed,COMPLETE,200,http,GET,application/json;charset=UTF-8,/192.168.113.1,mobile.ximalaya.com/61.179.224.86,,11 十二月 2019 19:28:11,11 十二月 2019 19:28:11,11 十二月 2019 19:28:11,11 十二月 2019 19:28:12,474,,,,0,78,396,4.2851562,0.0,8.112305,1432,,629,19,,
http://mobile.ximalaya.com/mobile/download/v1/1266964/track/12905957/ts-1576063697319?device=android&trackId=12905957&trackQualityLevel=0&uid=1266964,COMPLETE,200,http,GET,application/json;charset=UTF-8,/192.168.113.1,mobile.ximalaya.com/61.179.224.86,,11 十二月 2019 19:28:12,11 十二月 2019 19:28:12,11 十二月 2019 19:28:12,11 十二月 2019 19:28:12,425,,,,0,52,373,6.044922,0.0,26.536133,1218,,662,751,,46.9%
http://download.xmcdn.com/group11/M06/29/22/wKgDbVbi7tviqabxADqD_Qn79nc665.m4a,COMPLETE,200,http,GET,text/html;,/192.168.113.1,download.xmcdn.com/119.167.172.209,,11 十二月 2019 19:28:13,11 十二月 2019 19:28:13,11 十二月 2019 19:28:13,11 十二月 2019 19:28:13,21,2,14,,1,1,3,16.601562,181.64062,166.99219,186,,0,171,,
http://mobile.ximalaya.com/mobile/v1/download/record?clientTraffic=171&downloadDuration=1312&downloadPercent=100.00&downloadSize=171&isBatch=false&isPaid=false&sendDataTime=1576063698628&sequenceId=154578136331416560&signature=6909ac88e35a7bfd13a29879dacc4840&startTime=1576063697316&trackDuration=1242&trackId=12905957&verifyToken=6909ac88e35a7bfd13a29879dacc4840,COMPLETE,200,http,GET,application/json;charset=UTF-8,/192.168.113.1,mobile.ximalaya.com/61.179.224.86,,11 十二月 2019 19:28:13,11 十二月 2019 19:28:13,11 十二月 2019 19:28:13,11 十二月 2019 19:28:13,259,,,,0,24,235,7.845703,0.0,26.367188,1433,,629,19,,
http://mobile.ximalaya.com/mobile/download/v1/1266964/track/12905958/ts-1576063698755?device=android&trackId=12905958&trackQualityLevel=0&uid=1266964,COMPLETE,200,http,GET,application/json;charset=UTF-8,/192.168.113.1,mobile.ximalaya.com/61.179.224.86,,11 十二月 2019 19:28:13,11 十二月 2019 19:28:13,11 十二月 2019 19:28:13,11 十二月 2019 19:28:13,311,4,18,,0,20,269,8.2578125,0.0,68.94531,1218,,661,751,,46.9%
http://download.xmcdn.com/group15/M00/1C/8A/wKgDZVbi8NjyEu5rAD3vEjKy8bA898.m4a,COMPLETE,200,http,GET,text/html;,/192.168.113.1,download.xmcdn.com/119.167.172.209,,11 十二月 2019 19:28:13,11 十二月 2019 19:28:13,11 十二月 2019 19:28:13,11 十二月 2019 19:28:13,19,2,14,,1,0,2,18.348633,181.64062,0.0,186,,0,171,,
http://mobile.ximalaya.com/mobile/v1/download/record?clientTraffic=171&downloadDuration=512&downloadPercent=100.00&downloadSize=171&isBatch=false&isPaid=false&sendDataTime=1576063699267&sequenceId=3406748685862424044&signature=7b09895c7bdc49cc260077d2c1e6fba8&startTime=1576063698754&trackDuration=1314&trackId=12905958&verifyToken=7b09895c7bdc49cc260077d2c1e6fba8,COMPLETE,200,http,GET,application/json;charset=UTF-8,/192.168.113.1,mobile.ximalaya.com/61.179.224.86,,11 十二月 2019 19:28:14,11 十二月 2019 19:28:14,11 十二月 2019 19:28:14,11 十二月 2019 19:28:14,200,,,,0,11,189,10.161133,0.0,57.52832,1433,,629,19,,
http://mobile.ximalaya.com/mobile/download/v1/1266964/track/12905959/ts-1576063699860?device=android&trackId=12905959&trackQualityLevel=0&uid=1266964,COMPLETE,200,http,GET,application/json;charset=UTF-8,/192.168.113.1,mobile.ximalaya.com/61.179.224.86,,11 十二月 2019 19:28:14,11 十二月 2019 19:28:14,11 十二月 2019 19:28:14,11 十二月 2019 19:28:15,431,,,,1,32,398,5.9335938,1189.4531,42.754883,1218,,659,742,,47.6%
http://download.xmcdn.com/group12/M06/1D/B1/wKgDW1bi8UTwiiJMADuircr4saM137.m4a,COMPLETE,200,http,GET,text/html;,/192.168.113.1,download.xmcdn.com/119.167.172.209,,11 十二月 2019 19:28:15,11 十二月 2019 19:28:15,11 十二月 2019 19:28:15,11 十二月 2019 19:28:15,20,2,14,,1,1,2,17.43164,181.64062,166.99219,186,,0,171,,
http://mobile.ximalaya.com/mobile/v1/download/record?clientTraffic=171&downloadDuration=653&downloadPercent=100.00&downloadSize=171&isBatch=false&isPaid=false&sendDataTime=1576063700512&sequenceId=-6250910342672597661&signature=ca7314529a95f21366704c50d322d25e&startTime=1576063699859&trackDuration=1265&trackId=12905959&verifyToken=ca7314529a95f21366704c50d322d25e,COMPLETE,200,http,GET,application/json;charset=UTF-8,/192.168.113.1,mobile.ximalaya.com/61.179.224.86,,11 十二月 2019 19:28:15,11 十二月 2019 19:28:15,11 十二月 2019 19:28:15,11 十二月 2019 19:28:15,381,,,,1,16,364,5.3359375,1400.3906,39.55078,1434,,629,19,,
http://mobile.ximalaya.com/mobile/download/v1/1266964/track/12905960/ts-1576063705032?device=android&trackId=12905960&trackQualityLevel=0&uid=1266964,COMPLETE,200,http,GET,application/json;charset=UTF-8,/192.168.113.1,mobile.ximalaya.com/61.179.224.86,,11 十二月 2019 19:28:19,11 十二月 2019 19:28:19,11 十二月 2019 19:28:19,11 十二月 2019 19:28:19,224,,,,0,17,207,11.443359,0.0,80.82422,1218,,659,748,,47.1%
http://xdcs-collector.ximalaya.com/api/v1/statistics,COMPLETE,200,http,POST,text/plain;charset=UTF-8,/192.168.113.1,xdcs-collector.ximalaya.com/112.240.62.188,,11 十二月 2019 19:28:19,11 十二月 2019 19:28:19,11 十二月 2019 19:28:19,11 十二月 2019 19:28:19,95,,14,,14,0,67,25.708984,123.53516,0.0,1226,545,669,61,84.1%,-134.6%
http://download.xmcdn.com/group8/M08/1D/C1/wKgDYVbi8bbQG56CADeAhi3ubkA873.m4a,COMPLETE,200,http,GET,text/html;,/192.168.113.1,download.xmcdn.com/119.167.172.209,,11 十二月 2019 19:28:20,11 十二月 2019 19:28:20,11 十二月 2019 19:28:20,11 十二月 2019 19:28:20,21,3,14,,0,0,4,16.554688,0.0,0.0,185,,0,171,,
http://mobile.ximalaya.com/mobile/v1/download/record?clientTraffic=171&downloadDuration=488&downloadPercent=100.00&downloadSize=171&isBatch=false&isPaid=false&sendDataTime=1576063705520&sequenceId=-3251409362331631032&signature=bbfd62dd9e15f45370a3a23f9d3f8ab1&startTime=1576063705031&trackDuration=1178&trackId=12905960&verifyToken=bbfd62dd9e15f45370a3a23f9d3f8ab1,COMPLETE,200,http,GET,application/json;charset=UTF-8,/192.168.113.1,mobile.ximalaya.com/61.179.224.86,,11 十二月 2019 19:28:20,11 十二月 2019 19:28:20,11 十二月 2019 19:28:20,11 十二月 2019 19:28:20,170,,,,1,18,151,11.930664,1400.3906,34.884766,1434,,624,19,,
http://mobile.ximalaya.com/mobile/download/v1/1266964/track/12937360/ts-1576063706105?device=android&trackId=12937360&trackQualityLevel=0&uid=1266964,COMPLETE,200,http,GET,application/json;charset=UTF-8,/192.168.113.1,mobile.ximalaya.com/61.179.224.86,,11 十二月 2019 19:28:20,11 十二月 2019 19:28:20,11 十二月 2019 19:28:21,11 十二月 2019 19:28:21,262,,,,0,12,250,9.802734,0.0,114.9082,1218,,660,752,,46.9%
http://download.xmcdn.com/group11/M08/10/17/wKgDa1bi8hKgcBeCADhqioLf9FM638.m4a,COMPLETE,200,http,GET,text/html;,/192.168.113.1,download.xmcdn.com/119.167.172.209,,11 十二月 2019 19:28:21,11 十二月 2019 19:28:21,11 十二月 2019 19:28:21,11 十二月 2019 19:28:21,19,2,14,,0,1,2,18.348633,0.0,166.99219,186,,0,171,,
http://mobile.ximalaya.com/mobile/v1/download/record?clientTraffic=171&downloadDuration=506&downloadPercent=100.00&downloadSize=171&isBatch=false&isPaid=false&sendDataTime=1576063706611&sequenceId=4372727460328715637&signature=2a3aee8b887b4b505224449aab47d893&startTime=1576063706104&trackDuration=1197&trackId=12937360&verifyToken=2a3aee8b887b4b505224449aab47d893,COMPLETE,200,http,GET,application/json;charset=UTF-8,/192.168.113.1,mobile.ximalaya.com/61.179.224.86,,11 十二月 2019 19:28:21,11 十二月 2019 19:28:21,11 十二月 2019 19:28:21,11 十二月 2019 19:28:21,169,,,,0,28,141,12.018555,0.0,22.56543,1433,,628,19,,
http://mobile.ximalaya.com/mobile/download/v1/1266964/track/12937361/ts-1576063707715?device=android&trackId=12937361&trackQualityLevel=0&uid=1266964,COMPLETE,200,http,GET,application/json;charset=UTF-8,/192.168.113.1,mobile.ximalaya.com/61.179.224.86,,11 十二月 2019 19:28:22,11 十二月 2019 19:28:22,11 十二月 2019 19:28:22,11 十二月 2019 19:28:22,130,,,,0,6,124,19.763672,0.0,229.98047,1218,,661,752,,46.9%
http://download.xmcdn.com/group11/M07/10/19/wKgDa1bi8tixHZzgADvDqGHCxW4803.m4a,COMPLETE,200,http,GET,text/html;,/192.168.113.1,download.xmcdn.com/119.167.172.209,,11 十二月 2019 19:28:22,11 十二月 2019 19:28:22,11 十二月 2019 19:28:22,11 十二月 2019 19:28:22,17,1,14,,0,0,2,20.507812,0.0,0.0,186,,0,171,,
http://mobile.ximalaya.com/mobile/v1/download/record?clientTraffic=171&downloadDuration=423&downloadPercent=100.00&downloadSize=171&isBatch=false&isPaid=false&sendDataTime=1576063708135&sequenceId=-558996675659536816&signature=2a6545e681823ad16498b9c3a8960582&startTime=1576063707711&trackDuration=1268&trackId=12937361&verifyToken=2a6545e681823ad16498b9c3a8960582,COMPLETE,200,http,GET,application/json;charset=UTF-8,/192.168.113.1,mobile.ximalaya.com/61.179.224.86,,11 十二月 2019 19:28:22,11 十二月 2019 19:28:22,11 十二月 2019 19:28:22,11 十二月 2019 19:28:22,117,,,,0,5,112,17.335938,0.0,125.78125,1433,,625,19,,
http://mobile.ximalaya.com/mobile/download/v1/1266964/track/12937362/ts-1576063708880?device=android&trackId=12937362&trackQualityLevel=0&uid=1266964,COMPLETE,200,http,GET,application/json;charset=UTF-8,/192.168.113.1,mobile.ximalaya.com/61.179.224.86,,11 十二月 2019 19:28:23,11 十二月 2019 19:28:23,11 十二月 2019 19:28:23,11 十二月 2019 19:28:23,153,,,,0,8,145,16.773438,0.0,172.11914,1218,,661,749,,47.1%
http://download.xmcdn.com/group14/M0A/1F/42/wKgDY1bi8zzScqNrADkTDROOID0368.m4a,COMPLETE,200,http,GET,text/html;,/192.168.113.1,download.xmcdn.com/119.167.172.209,,11 十二月 2019 19:28:23,11 十二月 2019 19:28:23,11 十二月 2019 19:28:23,11 十二月 2019 19:28:23,17,1,14,,0,0,2,20.507812,0.0,0.0,186,,0,171,,
http://mobile.ximalaya.com/mobile/v1/download/record?clientTraffic=171&downloadDuration=341&downloadPercent=100.00&downloadSize=171&isBatch=false&isPaid=false&sendDataTime=1576063709219&sequenceId=6318660200439996848&signature=876c9f3e3cdbdaf870d4d8d1e7c70941&startTime=1576063708878&trackDuration=1211&trackId=12937362&verifyToken=876c9f3e3cdbdaf870d4d8d1e7c70941,COMPLETE,200,http,GET,application/json;charset=UTF-8,/192.168.113.1,mobile.ximalaya.com/61.179.224.86,,11 十二月 2019 19:28:23,11 十二月 2019 19:28:23,11 十二月 2019 19:28:24,11 十二月 2019 19:28:24,200,,,,0,10,190,10.15625,0.0,63.183594,1433,,628,19,,
http://mobile.ximalaya.com/mobile/download/v1/1266964/track/12995011/ts-1576063710726?device=android&trackId=12995011&trackQualityLevel=0&uid=1266964,COMPLETE,200,http,GET,application/json;charset=UTF-8,/192.168.113.1,mobile.ximalaya.com/61.179.224.86,,11 十二月 2019 19:28:25,11 十二月 2019 19:28:25,11 十二月 2019 19:28:25,11 十二月 2019 19:28:25,214,,,,0,16,198,12.019531,0.0,86.42578,1218,,661,755,,46.6%
http://download.xmcdn.com/group16/M09/1D/D0/wKgDalbi9CnjOzQ1AD5TSANb_Bs673.m4a,COMPLETE,200,http,GET,text/html;,/192.168.113.1,download.xmcdn.com/119.167.172.209,,11 十二月 2019 19:28:25,11 十二月 2019 19:28:25,11 十二月 2019 19:28:25,11 十二月 2019 19:28:25,20,2,14,,0,0,4,17.43164,0.0,0.0,186,,0,171,,
http://mobile.ximalaya.com/mobile/v1/download/record?clientTraffic=171&downloadDuration=523&downloadPercent=100.00&downloadSize=171&isBatch=false&isPaid=false&sendDataTime=1576063711247&sequenceId=-4101904969558854953&signature=976d21e36603b47e01b32940c6b270a6&startTime=1576063710724&trackDuration=1323&trackId=12995011&verifyToken=976d21e36603b47e01b32940c6b270a6,COMPLETE,200,http,GET,application/json;charset=UTF-8,/192.168.113.1,mobile.ximalaya.com/61.179.224.86,,11 十二月 2019 19:28:25,11 十二月 2019 19:28:25,11 十二月 2019 19:28:26,11 十二月 2019 19:28:26,112,,,,0,14,98,18.144531,0.0,45.13086,1434,,628,19,,
http://mobile.ximalaya.com/mobile/download/v1/1266964/track/12995012/ts-1576063712658?device=android&trackId=12995012&trackQualityLevel=0&uid=1266964,COMPLETE,200,http,GET,application/json;charset=UTF-8,/192.168.113.1,mobile.ximalaya.com/61.179.224.86,,11 十二月 2019 19:28:27,11 十二月 2019 19:28:27,11 十二月 2019 19:28:27,11 十二月 2019 19:28:27,405,,,,0,25,380,6.317383,0.0,54.765625,1218,,660,742,,47.6%
http://download.xmcdn.com/group12/M04/1D/B3/wKgDW1bi9LyAUgSyADXyeqxf3zA147.m4a,COMPLETE,200,http,GET,text/html;,/192.168.113.1,download.xmcdn.com/119.167.172.209,,11 十二月 2019 19:28:27,11 十二月 2019 19:28:27,11 十二月 2019 19:28:27,11 十二月 2019 19:28:27,18,1,15,,0,0,2,19.368164,0.0,0.0,186,,0,171,,
http://mobile.ximalaya.com/mobile/v1/download/record?clientTraffic=171&downloadDuration=678&downloadPercent=100.00&downloadSize=171&isBatch=false&isPaid=false&sendDataTime=1576063713336&sequenceId=-3136743556259792965&signature=f9b32d425c328341dfba15b223843874&startTime=1576063712656&trackDuration=1145&trackId=12995012&verifyToken=f9b32d425c328341dfba15b223843874,COMPLETE,200,http,GET,application/json;charset=UTF-8,/192.168.113.1,mobile.ximalaya.com/61.179.224.86,,11 十二月 2019 19:28:28,11 十二月 2019 19:28:28,11 十二月 2019 19:28:28,11 十二月 2019 19:28:28,825,,,,0,110,715,2.4628906,0.0,5.743164,1434,,628,19,,
http://mobile.ximalaya.com/mobile/download/v1/1266964/track/12995013/ts-1576063713883?device=android&trackId=12995013&trackQualityLevel=0&uid=1266964,COMPLETE,200,http,GET,application/json;charset=UTF-8,/192.168.113.1,mobile.ximalaya.com/61.179.224.86,,11 十二月 2019 19:28:28,11 十二月 2019 19:28:28,11 十二月 2019 19:28:29,11 十二月 2019 19:28:29,764,,,,1,124,639,3.3603516,1189.4531,11.112305,1218,,659,752,,46.9%
http://download.xmcdn.com/group16/M07/1D/C4/wKgDbFbi9SfS9JpYADZDGCcoKEk775.m4a,COMPLETE,200,http,GET,text/html;,/192.168.113.1,download.xmcdn.com/119.167.172.209,,11 十二月 2019 19:28:29,11 十二月 2019 19:28:29,11 十二月 2019 19:28:29,11 十二月 2019 19:28:29,21,1,17,,0,0,3,16.601562,0.0,0.0,186,,0,171,,
http://mobile.ximalaya.com/mobile/v1/download/record?clientTraffic=171&downloadDuration=995&downloadPercent=100.00&downloadSize=171&isBatch=false&isPaid=false&sendDataTime=1576063714877&sequenceId=-3016664322549078890&signature=6ed12754db8510c1ce28d7b070f775aa&startTime=1576063713882&trackDuration=1151&trackId=12995013&verifyToken=6ed12754db8510c1ce28d7b070f775aa,COMPLETE,200,http,GET,application/json;charset=UTF-8,/192.168.113.1,mobile.ximalaya.com/61.179.224.86,,11 十二月 2019 19:28:29,11 十二月 2019 19:28:29,11 十二月 2019 19:28:30,11 十二月 2019 19:28:31,1616,,,,0,272,1344,1.2568359,0.0,2.3222656,1434,,628,19,,
http://mobile.ximalaya.com/mobile/download/v1/1266964/track/13069370/ts-1576063715027?device=android&trackId=13069370&trackQualityLevel=0&uid=1266964,COMPLETE,200,http,GET,application/json;charset=UTF-8,/192.168.113.1,mobile.ximalaya.com/61.179.224.86,,11 十二月 2019 19:28:29,11 十二月 2019 19:28:29,11 十二月 2019 19:28:30,11 十二月 2019 19:28:31,1469,,,,0,290,1179,1.75,0.0,4.7646484,1218,,662,753,,46.8%
http://download.xmcdn.com/group11/M09/29/28/wKgDbVbi9eXgoNeDADy6jFmgMIk382.m4a,COMPLETE,200,http,GET,text/html;,/192.168.113.1,download.xmcdn.com/119.167.172.209,,11 十二月 2019 19:28:31,11 十二月 2019 19:28:31,11 十二月 2019 19:28:31,11 十二月 2019 19:28:31,23,2,17,,1,1,2,15.157227,181.64062,166.99219,186,,0,171,,
http://mobile.ximalaya.com/mobile/v1/download/record?clientTraffic=171&downloadDuration=1778&downloadPercent=100.00&downloadSize=171&isBatch=false&isPaid=false&sendDataTime=1576063716804&sequenceId=6678043910213976936&signature=afbacf94735316e1f75b4324a4cbd90e&startTime=1576063715026&trackDuration=1289&trackId=13069370&verifyToken=afbacf94735316e1f75b4324a4cbd90e,COMPLETE,200,http,GET,application/json;charset=UTF-8,/192.168.113.1,mobile.ximalaya.com/61.179.224.86,,11 十二月 2019 19:28:31,11 十二月 2019 19:28:31,11 十二月 2019 19:28:32,11 十二月 2019 19:28:32,1268,,,,0,212,1056,1.6025391,0.0,2.9794922,1434,,628,19,,
http://mobile.ximalaya.com/mobile/download/v1/1266964/track/13069371/ts-1576063717000?device=android&trackId=13069371&trackQualityLevel=0&uid=1266964,COMPLETE,200,http,GET,application/json;charset=UTF-8,/192.168.113.1,mobile.ximalaya.com/61.179.224.86,,11 十二月 2019 19:28:31,11 十二月 2019 19:28:31,11 十二月 2019 19:28:32,11 十二月 2019 19:28:32,1209,,,,1,214,994,2.1191406,1189.4531,6.4160156,1218,,662,744,,47.3%
http://download.xmcdn.com/group8/M01/1D/C9/wKgDYFbi9iey36TmAENC6NtVHhY485.m4a,COMPLETE,200,http,GET,text/html;,/192.168.113.1,download.xmcdn.com/119.167.172.209,,11 十二月 2019 19:28:33,11 十二月 2019 19:28:33,11 十二月 2019 19:28:33,11 十二月 2019 19:28:33,18,2,14,,0,0,2,19.313477,0.0,0.0,185,,0,171,,
http://mobile.ximalaya.com/mobile/v1/download/record?clientTraffic=171&downloadDuration=1426&downloadPercent=100.00&downloadSize=171&isBatch=false&isPaid=false&sendDataTime=1576063718426&sequenceId=4669636956841222957&signature=3ac8617cd674784c5f929a66dffe483a&startTime=1576063716999&trackDuration=1427&trackId=13069371&verifyToken=3ac8617cd674784c5f929a66dffe483a,COMPLETE,200,http,GET,application/json;charset=UTF-8,/192.168.113.1,mobile.ximalaya.com/61.179.224.86,,11 十二月 2019 19:28:33,11 十二月 2019 19:28:33,11 十二月 2019 19:28:34,11 十二月 2019 19:28:34,1107,,,,0,204,903,1.8339844,0.0,3.0917969,1434,,627,19,,
http://mobile.ximalaya.com/mobile/download/v1/1266964/track/13069372/ts-1576063718589?device=android&trackId=13069372&trackQualityLevel=0&uid=1266964,COMPLETE,200,http,GET,application/json;charset=UTF-8,/192.168.113.1,mobile.ximalaya.com/61.179.224.86,,11 十二月 2019 19:28:33,11 十二月 2019 19:28:33,11 十二月 2019 19:28:34,11 十二月 2019 19:28:34,1045,,,,0,146,899,2.4501953,0.0,9.390625,1218,,662,742,,47.6%
http://xdcs-collector.ximalaya.com/api/v1/statistics,COMPLETE,200,http,POST,text/plain;charset=UTF-8,/192.168.113.1,xdcs-collector.ximalaya.com/112.240.62.188,,11 十二月 2019 19:28:34,11 十二月 2019 19:28:34,11 十二月 2019 19:28:34,11 十二月 2019 19:28:34,64,,,,0,1,63,35.796875,0.0,720.7031,1226,382,677,61,88.4%,-134.6%
http://download.xmcdn.com/group16/M0A/1D/D2/wKgDalbi9lbxj2L7AD35GYT4Udg192.m4a,COMPLETE,200,http,GET,text/html;,/192.168.113.1,download.xmcdn.com/119.167.172.209,,11 十二月 2019 19:28:34,11 十二月 2019 19:28:34,11 十二月 2019 19:28:34,11 十二月 2019 19:28:34,21,2,16,,0,1,2,16.601562,0.0,166.99219,186,,0,171,,
http://mobile.ximalaya.com/mobile/v1/download/record?clientTraffic=171&downloadDuration=1317&downloadPercent=100.00&downloadSize=171&isBatch=false&isPaid=false&sendDataTime=1576063719904&sequenceId=-1607795075048439375&signature=465c80e4a633267a1c7306c1e861fe21&startTime=1576063718587&trackDuration=1315&trackId=13069372&verifyToken=465c80e4a633267a1c7306c1e861fe21,COMPLETE,200,http,GET,application/json;charset=UTF-8,/192.168.113.1,mobile.ximalaya.com/61.179.224.86,,11 十二月 2019 19:28:34,11 十二月 2019 19:28:34,11 十二月 2019 19:28:35,11 十二月 2019 19:28:35,1091,,,,0,208,883,1.8632812,0.0,3.0371094,1435,,628,19,,
http://mobile.ximalaya.com/mobile/download/v1/1266964/track/13133968/ts-1576063720029?device=android&trackId=13133968&trackQualityLevel=0&uid=1266964,COMPLETE,200,http,GET,application/json;charset=UTF-8,/192.168.113.1,mobile.ximalaya.com/61.179.224.86,,11 十二月 2019 19:28:34,11 十二月 2019 19:28:34,11 十二月 2019 19:28:35,11 十二月 2019 19:28:35,1068,,,,0,210,858,2.4140625,0.0,6.6171875,1218,,662,761,,46.2%
http://download.xmcdn.com/group11/M08/2B/35/wKgDbVblcrKgEZfDADVGFw8nUWQ575.m4a,COMPLETE,200,http,GET,text/html;,/192.168.113.1,download.xmcdn.com/119.167.172.209,,11 十二月 2019 19:28:35,11 十二月 2019 19:28:35,11 十二月 2019 19:28:35,11 十二月 2019 19:28:35,18,1,14,,1,0,2,19.368164,181.64062,0.0,186,,0,171,,
http://mobile.ximalaya.com/mobile/v1/download/record?clientTraffic=171&downloadDuration=1297&downloadPercent=100.00&downloadSize=171&isBatch=false&isPaid=false&sendDataTime=1576063721324&sequenceId=-4125003702419005592&signature=548d1f32155a5bb49666275592529ff6&startTime=1576063720027&trackDuration=1130&trackId=13133968&verifyToken=548d1f32155a5bb49666275592529ff6,COMPLETE,200,http,GET,application/json;charset=UTF-8,/192.168.113.1,mobile.ximalaya.com/61.179.224.86,,11 十二月 2019 19:28:36,11 十二月 2019 19:28:36,11 十二月 2019 19:28:36,11 十二月 2019 19:28:37,1028,,,,1,195,832,1.9775391,1401.3672,3.2392578,1435,,628,19,,
http://mobile.ximalaya.com/mobile/download/v1/1266964/track/13133969/ts-1576063721472?device=android&trackId=13133969&trackQualityLevel=0&uid=1266964,COMPLETE,200,http,GET,application/json;charset=UTF-8,/192.168.113.1,mobile.ximalaya.com/61.179.224.86,,11 十二月 2019 19:28:36,11 十二月 2019 19:28:36,11 十二月 2019 19:28:37,11 十二月 2019 19:28:37,1129,,,,0,231,898,2.2802734,0.0,5.998047,1218,,662,757,,46.4%
http://download.xmcdn.com/group9/M09/20/17/wKgDZlblcu3xHgipADZ8zkAMDfM509.m4a,COMPLETE,200,http,GET,text/html;,/192.168.113.1,download.xmcdn.com/119.167.172.209,,11 十二月 2019 19:28:37,11 十二月 2019 19:28:37,11 十二月 2019 19:28:37,11 十二月 2019 19:28:37,21,2,15,,0,1,3,16.554688,0.0,166.99219,185,,0,171,,
http://mobile.ximalaya.com/mobile/v1/download/record?clientTraffic=171&downloadDuration=1437&downloadPercent=100.00&downloadSize=171&isBatch=false&isPaid=false&sendDataTime=1576063722909&sequenceId=-4339313353241867681&signature=78c870750ccf22557f34580859271ec2&startTime=1576063721471&trackDuration=1156&trackId=13133969&verifyToken=78c870750ccf22557f34580859271ec2,COMPLETE,200,http,GET,application/json;charset=UTF-8,/192.168.113.1,mobile.ximalaya.com/61.179.224.86,,11 十二月 2019 19:28:37,11 十二月 2019 19:28:37,11 十二月 2019 19:28:38,11 十二月 2019 19:28:38,993,,,,1,183,809,2.046875,1401.3672,3.4521484,1435,,628,19,,
http://mobile.ximalaya.com/mobile/download/v1/1266964/track/13133970/ts-1576063723049?device=android&trackId=13133970&trackQualityLevel=0&uid=1266964,COMPLETE,200,http,GET,application/json;charset=UTF-8,/192.168.113.1,mobile.ximalaya.com/61.179.224.86,,11 十二月 2019 19:28:37,11 十二月 2019 19:28:37,11 十二月 2019 19:28:38,11 十二月 2019 19:28:38,970,,,,0,165,805,2.6552734,0.0,8.404297,1218,,662,758,,46.4%
http://download.xmcdn.com/group12/M02/1F/E2/wKgDXFblc0uRHcPPADXtfHgm7VA888.m4a,COMPLETE,200,http,GET,text/html;,/192.168.113.1,download.xmcdn.com/119.167.172.209,,11 十二月 2019 19:28:38,11 十二月 2019 19:28:38,11 十二月 2019 19:28:38,11 十二月 2019 19:28:38,20,2,13,,0,1,4,17.43164,0.0,166.99219,186,,0,171,,
http://mobile.ximalaya.com/mobile/v1/download/record?clientTraffic=171&downloadDuration=1244&downloadPercent=100.00&downloadSize=171&isBatch=false&isPaid=false&sendDataTime=1576063724288&sequenceId=-4866990627333173833&signature=69bfa225a441739b32bf068916a8e273&startTime=1576063723044&trackDuration=1144&trackId=13133970&verifyToken=69bfa225a441739b32bf068916a8e273,COMPLETE,200,http,GET,application/json;charset=UTF-8,/192.168.113.1,mobile.ximalaya.com/61.179.224.86,,11 十二月 2019 19:28:39,11 十二月 2019 19:28:39,11 十二月 2019 19:28:39,11 十二月 2019 19:28:39,838,,,,1,135,702,2.4257812,1401.3672,4.6796875,1435,,628,19,,
http://mobile.ximalaya.com/mobile/download/v1/1266964/track/13173382/ts-1576063724424?device=android&trackId=13173382&trackQualityLevel=0&uid=1266964,COMPLETE,200,http,GET,application/json;charset=UTF-8,/192.168.113.1,mobile.ximalaya.com/61.179.224.86,,11 十二月 2019 19:28:39,11 十二月 2019 19:28:39,11 十二月 2019 19:28:39,11 十二月 2019 19:28:39,831,,,,1,145,685,3.0927734,1189.4531,9.522461,1218,,662,752,,46.9%
http://download.xmcdn.com/group10/M08/1C/A7/wKgDZ1bm2DbxaTDHAEIwiqT5K0E876.m4a,COMPLETE,200,http,GET,text/html;,/192.168.113.1,download.xmcdn.com/119.167.172.209,,11 十二月 2019 19:28:40,11 十二月 2019 19:28:40,11 十二月 2019 19:28:40,11 十二月 2019 19:28:40,31,12,15,,0,1,3,11.246094,0.0,166.99219,186,,0,171,,
http://imagev2.xmcdn.com/group10/M0B/1C/1C/wKgDZ1bmfAKSejAkAAYwhH3S0iQ973.jpg!op_type=3&columns=640&rows=640,COMPLETE,200,http,GET,image/jpeg,/192.168.113.1,imagev2.xmcdn.com/123.128.14.123,,11 十二月 2019 19:28:40,11 十二月 2019 19:28:40,11 十二月 2019 19:28:40,11 十二月 2019 19:28:40,269,27,21,,0,178,43,234.14551,0.0,352.63184,222,,407,63868,,
http://imagev2.xmcdn.com/group10/M0B/1C/1C/wKgDZ1bmfAKSejAkAAYwhH3S0iQ973.jpg!op_type=3&columns=100&rows=100,COMPLETE,200,http,GET,image/jpeg,/192.168.113.1,imagev2.xmcdn.com/123.128.14.123,,11 十二月 2019 19:28:40,11 十二月 2019 19:28:40,11 十二月 2019 19:28:40,11 十二月 2019 19:28:40,76,25,22,,0,0,29,33.793945,0.0,0.0,222,,405,2003,,
http://mobile.ximalaya.com/mobile/v1/download/record?clientTraffic=171&downloadDuration=1077&downloadPercent=100.00&downloadSize=171&isBatch=false&isPaid=false&sendDataTime=1576063725500&sequenceId=2599642546028827456&signature=1271decd1cb28e7f2112c3a8d16fe2ba&startTime=1576063724423&trackDuration=1405&trackId=13173382&verifyToken=1271decd1cb28e7f2112c3a8d16fe2ba,COMPLETE,200,http,GET,application/json;charset=UTF-8,/192.168.113.1,mobile.ximalaya.com/61.179.224.86,,11 十二月 2019 19:28:40,11 十二月 2019 19:28:40,11 十二月 2019 19:28:40,11 十二月 2019 19:28:40,724,,,,0,114,610,2.8076172,0.0,5.5507812,1434,,629,19,,
http://mobile.ximalaya.com/mobile/download/v1/1266964/track/13173383/ts-1576063725640?device=android&trackId=13173383&trackQualityLevel=0&uid=1266964,COMPLETE,200,http,GET,application/json;charset=UTF-8,/192.168.113.1,mobile.ximalaya.com/61.179.224.86,,11 十二月 2019 19:28:40,11 十二月 2019 19:28:40,11 十二月 2019 19:28:40,11 十二月 2019 19:28:41,671,,,,0,125,546,3.8339844,0.0,11.0703125,1218,,662,755,,46.6%
http://download.xmcdn.com/group14/M09/22/A1/wKgDY1bm2HLQXs0zADu35w_S0hg010.m4a,COMPLETE,200,http,GET,text/html;,/192.168.113.1,download.xmcdn.com/119.167.172.209,,11 十二月 2019 19:28:41,11 十二月 2019 19:28:41,11 十二月 2019 19:28:41,11 十二月 2019 19:28:41,21,2,16,,0,1,2,16.601562,0.0,166.99219,186,,0,171,,
http://mobile.ximalaya.com/mobile/v1/download/record?clientTraffic=171&downloadDuration=842&downloadPercent=100.00&downloadSize=171&isBatch=false&isPaid=false&sendDataTime=1576063726478&sequenceId=7882684897296384059&signature=ff5e85c0fbd74eaa9df64ae2bc465f66&startTime=1576063725636&trackDuration=1267&trackId=13173383&verifyToken=ff5e85c0fbd74eaa9df64ae2bc465f66,COMPLETE,200,http,GET,application/json;charset=UTF-8,/192.168.113.1,mobile.ximalaya.com/61.179.224.86,,11 十二月 2019 19:28:41,11 十二月 2019 19:28:41,11 十二月 2019 19:28:41,11 十二月 2019 19:28:41,643,,,,0,83,560,3.1601562,0.0,7.6240234,1433,,629,19,,
http://mobile.ximalaya.com/mobile/download/v1/1266964/track/13173384/ts-1576063726602?device=android&trackId=13173384&trackQualityLevel=0&uid=1266964,COMPLETE,200,http,GET,application/json;charset=UTF-8,/192.168.113.1,mobile.ximalaya.com/61.179.224.86,,11 十二月 2019 19:28:41,11 十二月 2019 19:28:41,11 十二月 2019 19:28:41,11 十二月 2019 19:28:42,679,,,,0,70,609,3.7910156,0.0,19.782227,1218,,662,756,,46.6%
http://download.xmcdn.com/group11/M02/13/7B/wKgDa1bm2MagTBg_AEG0MVfXY6E731.m4a,COMPLETE,200,http,GET,text/html;,/192.168.113.1,download.xmcdn.com/119.167.172.209,,11 十二月 2019 19:28:42,11 十二月 2019 19:28:42,11 十二月 2019 19:28:42,11 十二月 2019 19:28:42,20,2,16,,0,0,2,17.43164,0.0,0.0,186,,0,171,,
http://mobile.ximalaya.com/mobile/v1/download/record?clientTraffic=171&downloadDuration=879&downloadPercent=100.00&downloadSize=171&isBatch=false&isPaid=false&sendDataTime=1576063727480&sequenceId=508619545689579289&signature=fa56ee9951873fbc7de849b5edc437e5&startTime=1576063726601&trackDuration=1394&trackId=13173384&verifyToken=fa56ee9951873fbc7de849b5edc437e5,COMPLETE,200,http,GET,application/json;charset=UTF-8,/192.168.113.1,mobile.ximalaya.com/61.179.224.86,,11 十二月 2019 19:28:42,11 十二月 2019 19:28:42,11 十二月 2019 19:28:42,11 十二月 2019 19:28:42,357,,,,0,60,297,5.689453,0.0,10.546875,1432,,629,19,,
http://mobile.ximalaya.com/mobile/download/v1/1266964/track/13211595/ts-1576063727614?device=android&trackId=13211595&trackQualityLevel=0&uid=1266964,COMPLETE,200,http,GET,application/json;charset=UTF-8,/192.168.113.1,mobile.ximalaya.com/61.179.224.86,,11 十二月 2019 19:28:42,11 十二月 2019 19:28:42,11 十二月 2019 19:28:42,11 十二月 2019 19:28:42,331,,,,0,15,316,7.779297,0.0,92.38281,1218,,662,757,,46.5%
http://download.xmcdn.com/group9/M0B/22/68/wKgDZlboHULz69zaADY1qPbZvd0636.m4a,COMPLETE,200,http,GET,text/html;,/192.168.113.1,download.xmcdn.com/119.167.172.209,,11 十二月 2019 19:28:42,11 十二月 2019 19:28:42,11 十二月 2019 19:28:42,11 十二月 2019 19:28:42,19,2,14,,1,0,2,18.296875,180.66406,0.0,185,,0,171,,
http://mobile.ximalaya.com/mobile/v1/download/record?clientTraffic=171&downloadDuration=537&downloadPercent=100.00&downloadSize=171&isBatch=false&isPaid=false&sendDataTime=1576063728150&sequenceId=-4459396702220337194&signature=c3d38229729dede417fa09d37fc6e492&startTime=1576063727613&trackDuration=1150&trackId=13211595&verifyToken=c3d38229729dede417fa09d37fc6e492,COMPLETE,200,http,GET,application/json;charset=UTF-8,/192.168.113.1,mobile.ximalaya.com/61.179.224.86,,11 十二月 2019 19:28:42,11 十二月 2019 19:28:42,11 十二月 2019 19:28:43,11 十二月 2019 19:28:43,254,,,,1,13,240,8.003906,1400.3906,48.677734,1434,,629,19,,
http://mobile.ximalaya.com/mobile/download/v1/1266964/track/13211596/ts-1576063729448?device=android&trackId=13211596&trackQualityLevel=0&uid=1266964,COMPLETE,200,http,GET,application/json;charset=UTF-8,/192.168.113.1,mobile.ximalaya.com/61.179.224.86,,11 十二月 2019 19:28:44,11 十二月 2019 19:28:44,11 十二月 2019 19:28:44,11 十二月 2019 19:28:44,266,,,,0,21,245,9.699219,0.0,66.21973,1218,,662,762,,46.1%
http://download.xmcdn.com/group15/M09/20/F5/wKgDZVboHY6g_hWMADeKF14WFrc463.m4a,COMPLETE,200,http,GET,text/html;,/192.168.113.1,download.xmcdn.com/119.167.172.209,,11 十二月 2019 19:28:44,11 十二月 2019 19:28:44,11 十二月 2019 19:28:44,11 十二月 2019 19:28:44,23,2,15,,1,1,4,15.157227,181.64062,166.99219,186,,0,171,,
http://mobile.ximalaya.com/mobile/v1/download/record?clientTraffic=171&downloadDuration=480&downloadPercent=100.00&downloadSize=171&isBatch=false&isPaid=false&sendDataTime=1576063729926&sequenceId=-9078066905403169843&signature=bc21c9d0b7065c2f99facf05e760a3a8&startTime=1576063729446&trackDuration=1178&trackId=13211596&verifyToken=bc21c9d0b7065c2f99facf05e760a3a8,COMPLETE,200,http,GET,application/json;charset=UTF-8,/192.168.113.1,mobile.ximalaya.com/61.179.224.86,,11 十二月 2019 19:28:44,11 十二月 2019 19:28:44,11 十二月 2019 19:28:44,11 十二月 2019 19:28:44,263,,,,1,12,250,7.7304688,1400.3906,52.734375,1434,,629,19,,
http://mobile.ximalaya.com/mobile/download/v1/1266964/track/13211597/ts-1576063730409?device=android&trackId=13211597&trackQualityLevel=0&uid=1266964,COMPLETE,200,http,GET,application/json;charset=UTF-8,/192.168.113.1,mobile.ximalaya.com/61.179.224.86,,11 十二月 2019 19:28:45,11 十二月 2019 19:28:45,11 十二月 2019 19:28:45,11 十二月 2019 19:28:45,254,,,,0,16,238,10.137695,0.0,86.6084,1218,,662,757,,46.5%
http://download.xmcdn.com/group16/M0B/22/31/wKgDbFboHc3wG73NADQvSh9VL5w275.m4a,COMPLETE,200,http,GET,text/html;,/192.168.113.1,download.xmcdn.com/119.167.172.209,,11 十二月 2019 19:28:45,11 十二月 2019 19:28:45,11 十二月 2019 19:28:45,11 十二月 2019 19:28:45,27,9,14,,0,1,3,12.912109,0.0,166.99219,186,,0,171,,
http://mobile.ximalaya.com/mobile/v1/download/record?clientTraffic=171&downloadDuration=496&downloadPercent=100.00&downloadSize=171&isBatch=false&isPaid=false&sendDataTime=1576063730903&sequenceId=-8308986089540783047&signature=e36611765c37bdd457471388a5f76fe8&startTime=1576063730407&trackDuration=1107&trackId=13211597&verifyToken=e36611765c37bdd457471388a5f76fe8,COMPLETE,200,http,GET,application/json;charset=UTF-8,/192.168.113.1,mobile.ximalaya.com/61.179.224.86,,11 十二月 2019 19:28:45,11 十二月 2019 19:28:45,11 十二月 2019 19:28:45,11 十二月 2019 19:28:45,197,,,,0,14,183,10.3203125,0.0,45.200195,1434,,629,19,,
http://mobile.ximalaya.com/mobile/download/v1/1266964/track/13248882/ts-1576063731527?device=android&trackId=13248882&trackQualityLevel=0&uid=1266964,COMPLETE,200,http,GET,application/json;charset=UTF-8,/192.168.113.1,mobile.ximalaya.com/61.179.224.86,,11 十二月 2019 19:28:46,11 十二月 2019 19:28:46,11 十二月 2019 19:28:46,11 十二月 2019 19:28:46,191,,,,0,17,174,13.487305,0.0,81.57129,1218,,662,758,,46.4%
http://download.xmcdn.com/group7/M00/24/4B/wKgDX1bpZ9ziKH5BAEFgN5o7-7g126.m4a,COMPLETE,200,http,GET,text/html;,/192.168.113.1,download.xmcdn.com/119.167.172.209,,11 十二月 2019 19:28:46,11 十二月 2019 19:28:46,11 十二月 2019 19:28:46,11 十二月 2019 19:28:46,20,2,15,,0,1,2,17.382812,0.0,166.99219,185,,0,171,,
http://mobile.ximalaya.com/mobile/v1/download/record?clientTraffic=171&downloadDuration=469&downloadPercent=100.00&downloadSize=171&isBatch=false&isPaid=false&sendDataTime=1576063731995&sequenceId=180213744480976609&signature=81ca7c0e509550a2c10b9b3725f66782&startTime=1576063731526&trackDuration=1387&trackId=13248882&verifyToken=81ca7c0e509550a2c10b9b3725f66782,COMPLETE,200,http,GET,application/json;charset=UTF-8,/192.168.113.1,mobile.ximalaya.com/61.179.224.86,,11 十二月 2019 19:28:46,11 十二月 2019 19:28:46,11 十二月 2019 19:28:46,11 十二月 2019 19:28:46,218,,,,0,26,192,9.317383,0.0,24.338867,1432,,629,19,,
http://xdcs-collector.ximalaya.com/api/v1/statistics,COMPLETE,200,http,POST,text/plain;charset=UTF-8,/192.168.113.1,xdcs-collector.ximalaya.com/112.240.62.188,,11 十二月 2019 19:28:48,11 十二月 2019 19:28:48,11 十二月 2019 19:28:48,11 十二月 2019 19:28:48,60,,,,0,1,59,38.21582,0.0,720.7031,1226,384,677,61,88.4%,-134.6%
http://mobile.ximalaya.com/mobile/download/v1/1266964/track/13248883/ts-1576063733591?device=android&trackId=13248883&trackQualityLevel=0&uid=1266964,COMPLETE,200,http,GET,application/json;charset=UTF-8,/192.168.113.1,mobile.ximalaya.com/61.179.224.86,,11 十二月 2019 19:28:48,11 十二月 2019 19:28:48,11 十二月 2019 19:28:48,11 十二月 2019 19:28:48,144,,,,1,2,141,17.855469,1189.4531,690.91797,1218,,662,753,,46.8%
http://download.xmcdn.com/group15/M06/22/3C/wKgDaFbpaEHxr3sCADe8eVfvUQQ733.m4a,COMPLETE,200,http,GET,text/html;,/192.168.113.1,download.xmcdn.com/119.167.172.213,,11 十二月 2019 19:28:48,11 十二月 2019 19:28:48,11 十二月 2019 19:28:48,11 十二月 2019 19:28:48,38,20,13,,0,1,4,9.173828,0.0,166.99219,186,,0,171,,
http://mobile.ximalaya.com/mobile/v1/download/record?clientTraffic=171&downloadDuration=424&downloadPercent=100.00&downloadSize=171&isBatch=false&isPaid=false&sendDataTime=1576063734014&sequenceId=9187628250554140747&signature=e61d09b287ab1e65b5ae81ee945de918&startTime=1576063733590&trackDuration=1183&trackId=13248883&verifyToken=e61d09b287ab1e65b5ae81ee945de918,COMPLETE,200,http,GET,application/json;charset=UTF-8,/192.168.113.1,mobile.ximalaya.com/61.179.224.86,,11 十二月 2019 19:28:48,11 十二月 2019 19:28:48,11 十二月 2019 19:28:48,11 十二月 2019 19:28:48,85,,,,1,4,80,23.908203,1399.4141,158.20312,1433,,629,19,,
http://mobile.ximalaya.com/mobile/download/v1/1266964/track/13248884/ts-1576063734545?device=android&trackId=13248884&trackQualityLevel=0&uid=1266964,COMPLETE,200,http,GET,application/json;charset=UTF-8,/192.168.113.1,mobile.ximalaya.com/61.179.224.86,,11 十二月 2019 19:28:49,11 十二月 2019 19:28:49,11 十二月 2019 19:28:49,11 十二月 2019 19:28:49,121,,,,0,7,114,21.297852,0.0,198.24219,1218,,662,759,,46.3%
http://download.xmcdn.com/group12/M07/23/60/wKgDXFbpaLqA6GkAADjErEjaZPw274.m4a,COMPLETE,200,http,GET,text/html;,/192.168.113.1,download.xmcdn.com/119.167.172.213,,11 十二月 2019 19:28:49,11 十二月 2019 19:28:49,11 十二月 2019 19:28:49,11 十二月 2019 19:28:49,20,2,14,,0,1,3,17.43164,0.0,166.99219,186,,0,171,,
http://mobile.ximalaya.com/mobile/v1/download/record?clientTraffic=171&downloadDuration=295&downloadPercent=100.00&downloadSize=171&isBatch=false&isPaid=false&sendDataTime=1576063734840&sequenceId=9141690325154500293&signature=d6a0a637e6c4eb82d4e1261f68272bff&startTime=1576063734544&trackDuration=1205&trackId=13248884&verifyToken=d6a0a637e6c4eb82d4e1261f68272bff,COMPLETE,200,http,GET,application/json;charset=UTF-8,/192.168.113.1,mobile.ximalaya.com/61.179.224.86,,11 十二月 2019 19:28:49,11 十二月 2019 19:28:49,11 十二月 2019 19:28:49,11 十二月 2019 19:28:49,73,,,,1,2,70,27.83789,1399.4141,316.40625,1433,,629,19,,
http://mobile.ximalaya.com/mobile/download/v1/1266964/track/13287708/ts-1576063735546?device=android&trackId=13287708&trackQualityLevel=0&uid=1266964,COMPLETE,200,http,GET,application/json;charset=UTF-8,/192.168.113.1,mobile.ximalaya.com/61.179.224.86,,11 十二月 2019 19:28:50,11 十二月 2019 19:28:50,11 十二月 2019 19:28:50,11 十二月 2019 19:28:50,161,,,,0,7,154,15.988281,0.0,197.82324,1218,,662,756,,46.5%
http://download.xmcdn.com/group13/M0B/24/CE/wKgDXlbqsjvRwtYcAEJyjpg-qtU165.m4a,COMPLETE,200,http,GET,text/html;,/192.168.113.1,download.xmcdn.com/119.167.172.213,,11 十二月 2019 19:28:50,11 十二月 2019 19:28:50,11 十二月 2019 19:28:50,11 十二月 2019 19:28:50,22,2,15,,0,1,4,15.84668,0.0,166.99219,186,,0,171,,
http://mobile.ximalaya.com/mobile/v1/download/record?clientTraffic=171&downloadDuration=410&downloadPercent=100.00&downloadSize=171&isBatch=false&isPaid=false&sendDataTime=1576063735956&sequenceId=4702572633409792866&signature=a5dfe6fb15e2da9ff93616de73e6718b&startTime=1576063735545&trackDuration=1410&trackId=13287708&verifyToken=a5dfe6fb15e2da9ff93616de73e6718b,COMPLETE,200,http,GET,application/json;charset=UTF-8,/192.168.113.1,mobile.ximalaya.com/61.179.224.86,,11 十二月 2019 19:28:50,11 十二月 2019 19:28:50,11 十二月 2019 19:28:50,11 十二月 2019 19:28:50,301,,,,0,18,283,6.7509766,0.0,35.15625,1433,,629,19,,
http://mobile.ximalaya.com/mobile/download/v1/1266964/track/13287709/ts-1576063737852?device=android&trackId=13287709&trackQualityLevel=0&uid=1266964,COMPLETE,200,http,GET,application/json;charset=UTF-8,/192.168.113.1,mobile.ximalaya.com/61.179.224.86,,11 十二月 2019 19:28:52,11 十二月 2019 19:28:52,11 十二月 2019 19:28:52,11 十二月 2019 19:28:52,246,,,,0,7,239,10.459961,0.0,197.6836,1218,,662,755,,46.6%
http://download.xmcdn.com/group12/M07/24/77/wKgDW1bqsqjCBe7pADuCwyWKUPk255.m4a,COMPLETE,200,http,GET,text/html;,/192.168.113.1,download.xmcdn.com/119.167.172.213,,11 十二月 2019 19:28:52,11 十二月 2019 19:28:53,11 十二月 2019 19:28:53,11 十二月 2019 19:28:53,54,39,13,,0,0,2,6.4560547,0.0,0.0,186,,0,171,,
http://mobile.ximalaya.com/mobile/v1/download/record?clientTraffic=171&downloadDuration=549&downloadPercent=100.00&downloadSize=171&isBatch=false&isPaid=false&sendDataTime=1576063738400&sequenceId=5817789056499710189&signature=a817e2e9828ca62d254594298d7f665b&startTime=1576063737851&trackDuration=1263&trackId=13287709&verifyToken=a817e2e9828ca62d254594298d7f665b,COMPLETE,200,http,GET,application/json;charset=UTF-8,/192.168.113.1,mobile.ximalaya.com/61.179.224.86,,11 十二月 2019 19:28:53,11 十二月 2019 19:28:53,11 十二月 2019 19:28:53,11 十二月 2019 19:28:53,282,,,,0,42,240,7.1953125,0.0,14.99707,1433,,626,19,,
http://mobile.ximalaya.com/mobile/download/v1/1266964/track/13287710/ts-1576063738854?device=android&trackId=13287710&trackQualityLevel=0&uid=1266964,COMPLETE,200,http,GET,application/json;charset=UTF-8,/192.168.113.1,mobile.ximalaya.com/61.179.224.86,,11 十二月 2019 19:28:53,11 十二月 2019 19:28:53,11 十二月 2019 19:28:53,11 十二月 2019 19:28:53,358,,,,0,36,322,7.1875,0.0,38.438477,1218,,662,755,,46.6%
http://download.xmcdn.com/group9/M0A/24/C5/wKgDZlbqswyDVFAnAD2jfZtX9lM490.m4a,COMPLETE,200,http,GET,text/html;,/192.168.113.1,download.xmcdn.com/119.167.172.213,,11 十二月 2019 19:28:54,11 十二月 2019 19:28:54,11 十二月 2019 19:28:54,11 十二月 2019 19:28:54,21,2,16,,0,1,2,16.554688,0.0,166.99219,185,,0,171,,
http://mobile.ximalaya.com/mobile/v1/download/record?clientTraffic=171&downloadDuration=589&downloadPercent=100.00&downloadSize=171&isBatch=false&isPaid=false&sendDataTime=1576063739443&sequenceId=-7550759506813787368&signature=f86dc2aed7067dc9380f9380e387a613&startTime=1576063738853&trackDuration=1308&trackId=13287710&verifyToken=f86dc2aed7067dc9380f9380e387a613,COMPLETE,200,http,GET,application/json;charset=UTF-8,/192.168.113.1,mobile.ximalaya.com/61.179.224.86,,11 十二月 2019 19:28:54,11 十二月 2019 19:28:54,11 十二月 2019 19:28:54,11 十二月 2019 19:28:54,287,,,,0,20,267,7.0839844,0.0,31.640625,1434,,629,19,,
http://mobile.ximalaya.com/mobile/download/v1/1266964/track/13333630/ts-1576063740231?device=android&trackId=13333630&trackQualityLevel=0&uid=1266964,COMPLETE,200,http,GET,application/json;charset=UTF-8,/192.168.113.1,mobile.ximalaya.com/61.179.224.86,,11 十二月 2019 19:28:54,11 十二月 2019 19:28:54,11 十二月 2019 19:28:55,11 十二月 2019 19:28:55,311,,,,0,13,298,8.270508,0.0,106.37012,1218,,659,757,,46.4%
http://download.xmcdn.com/group16/M02/25/F8/wKgDbFbsKWvAR84tADYEcAKG0UI418.m4a,COMPLETE,200,http,GET,text/html;,/192.168.113.1,download.xmcdn.com/119.167.172.213,,11 十二月 2019 19:28:55,11 十二月 2019 19:28:55,11 十二月 2019 19:28:55,11 十二月 2019 19:28:55,24,2,14,,1,1,6,14.526367,181.64062,166.99219,186,,0,171,,
http://mobile.ximalaya.com/mobile/v1/download/record?clientTraffic=171&downloadDuration=617&downloadPercent=100.00&downloadSize=171&isBatch=false&isPaid=false&sendDataTime=1576063740847&sequenceId=-1961422289660875582&signature=3d3c9f4fa2c67924b32ebc4ab27fad66&startTime=1576063740230&trackDuration=1146&trackId=13333630&verifyToken=3d3c9f4fa2c67924b32ebc4ab27fad66,COMPLETE,200,http,GET,application/json;charset=UTF-8,/192.168.113.1,mobile.ximalaya.com/61.179.224.86,,11 十二月 2019 19:28:55,11 十二月 2019 19:28:55,11 十二月 2019 19:28:55,11 十二月 2019 19:28:55,153,,,,0,10,143,13.288086,0.0,63.28125,1434,,629,19,,
http://mobile.ximalaya.com/mobile/download/v1/1266964/track/13333631/ts-1576063741456?device=android&trackId=13333631&trackQualityLevel=0&uid=1266964,COMPLETE,200,http,GET,application/json;charset=UTF-8,/192.168.113.1,mobile.ximalaya.com/61.179.224.86,,11 十二月 2019 19:28:56,11 十二月 2019 19:28:56,11 十二月 2019 19:28:56,11 十二月 2019 19:28:56,167,,,,0,12,155,15.390625,0.0,115.07129,1218,,662,752,,46.7%
http://download.xmcdn.com/group8/M02/25/EA/wKgDYFbsKcbxOyMaADWPYk6eSzU557.m4a,COMPLETE,200,http,GET,text/html;,/192.168.113.1,download.xmcdn.com/119.167.172.213,,11 十二月 2019 19:28:56,11 十二月 2019 19:28:56,11 十二月 2019 19:28:56,11 十二月 2019 19:28:56,24,6,15,,0,1,2,14.485352,0.0,166.99219,185,,0,171,,
http://mobile.ximalaya.com/mobile/v1/download/record?clientTraffic=171&downloadDuration=430&downloadPercent=100.00&downloadSize=171&isBatch=false&isPaid=false&sendDataTime=1576063741885&sequenceId=9153002487540603235&signature=72dd855aa3411c177479c44d9751dd33&startTime=1576063741455&trackDuration=1136&trackId=13333631&verifyToken=72dd855aa3411c177479c44d9751dd33,COMPLETE,200,http,GET,application/json;charset=UTF-8,/192.168.113.1,mobile.ximalaya.com/61.179.224.86,,11 十二月 2019 19:28:56,11 十二月 2019 19:28:56,11 十二月 2019 19:28:56,11 十二月 2019 19:28:56,283,,,,0,19,264,7.180664,0.0,33.305664,1433,,629,19,,
http://mobile.ximalaya.com/mobile/download/v1/1266964/track/13363495/ts-1576063742554?device=android&trackId=13363495&trackQualityLevel=0&uid=1266964,COMPLETE,200,http,GET,application/json;charset=UTF-8,/192.168.113.1,mobile.ximalaya.com/61.179.224.86,,11 十二月 2019 19:28:57,11 十二月 2019 19:28:57,11 十二月 2019 19:28:57,11 十二月 2019 19:28:57,269,,,,0,30,239,9.56543,0.0,46.125977,1218,,659,758,,46.4%
http://download.xmcdn.com/group16/M09/26/FF/wKgDalbtY5CinYtVADmRk2eDR_g483.m4a,COMPLETE,200,http,GET,text/html;,/192.168.113.1,download.xmcdn.com/119.167.172.213,,11 十二月 2019 19:28:57,11 十二月 2019 19:28:57,11 十二月 2019 19:28:57,11 十二月 2019 19:28:57,19,2,13,,0,0,4,18.348633,0.0,0.0,186,,0,171,,
http://mobile.ximalaya.com/mobile/v1/download/record?clientTraffic=171&downloadDuration=484&downloadPercent=100.00&downloadSize=171&isBatch=false&isPaid=false&sendDataTime=1576063743036&sequenceId=-4581569123342634705&signature=904bf99c9f3f330e7cfb77195ab5feb8&startTime=1576063742551&trackDuration=1222&trackId=13363495&verifyToken=904bf99c9f3f330e7cfb77195ab5feb8,COMPLETE,200,http,GET,application/json;charset=UTF-8,/192.168.113.1,mobile.ximalaya.com/61.179.224.86,,11 十二月 2019 19:28:57,11 十二月 2019 19:28:57,11 十二月 2019 19:28:57,11 十二月 2019 19:28:57,218,,,,0,20,198,9.321289,0.0,31.591797,1434,,628,19,,
http://mobile.ximalaya.com/mobile/download/v1/1266964/track/13363496/ts-1576063744883?device=android&trackId=13363496&trackQualityLevel=0&uid=1266964,COMPLETE,200,http,GET,application/json;charset=UTF-8,/192.168.113.1,mobile.ximalaya.com/61.179.224.86,,11 十二月 2019 19:28:59,11 十二月 2019 19:28:59,11 十二月 2019 19:28:59,11 十二月 2019 19:29:00,430,,,,0,38,392,5.9814453,0.0,36.38965,1218,,659,757,,46.4%
http://download.xmcdn.com/group7/M06/27/DA/wKgDX1btY-viVFPNAECrb6_3UMA254.m4a,COMPLETE,200,http,GET,text/html;,/192.168.113.1,download.xmcdn.com/119.167.172.213,,11 十二月 2019 19:29:00,11 十二月 2019 19:29:00,11 十二月 2019 19:29:00,11 十二月 2019 19:29:00,25,2,13,,1,1,8,13.90625,180.66406,166.99219,185,,0,171,,
http://mobile.ximalaya.com/mobile/v1/download/record?clientTraffic=171&downloadDuration=696&downloadPercent=100.00&downloadSize=171&isBatch=false&isPaid=false&sendDataTime=1576063745578&sequenceId=-5104723498037359042&signature=205892eee2c94f60459574f1b7f8f843&startTime=1576063744882&trackDuration=1372&trackId=13363496&verifyToken=205892eee2c94f60459574f1b7f8f843,COMPLETE,200,http,GET,application/json;charset=UTF-8,/192.168.113.1,mobile.ximalaya.com/61.179.224.86,,11 十二月 2019 19:29:00,11 十二月 2019 19:29:00,11 十二月 2019 19:29:01,11 十二月 2019 19:29:01,991,,,,0,142,849,2.0507812,0.0,4.4560547,1434,,629,19,,
http://mobile.ximalaya.com/mobile/download/v1/1266964/track/13363497/ts-1576063745834?device=android&trackId=13363497&trackQualityLevel=0&uid=1266964,COMPLETE,200,http,GET,application/json;charset=UTF-8,/192.168.113.1,mobile.ximalaya.com/61.179.224.86,,11 十二月 2019 19:29:00,11 十二月 2019 19:29:00,11 十二月 2019 19:29:01,11 十二月 2019 19:29:01,959,,,,1,129,829,2.6826172,1189.4531,10.7265625,1218,,661,756,,46.5%
http://download.xmcdn.com/group10/M08/22/74/wKgDZ1btZEyS7u7cAEXk3fUMXmk356.m4a,COMPLETE,200,http,GET,text/html;,/192.168.113.1,download.xmcdn.com/119.167.172.213,,11 十二月 2019 19:29:01,11 十二月 2019 19:29:01,11 十二月 2019 19:29:01,11 十二月 2019 19:29:01,17,1,14,,0,0,2,20.507812,0.0,0.0,186,,0,171,,
http://mobile.ximalaya.com/mobile/download/v1/1266964/track/13395856/ts-1576063747048?device=android&trackId=13395856&trackQualityLevel=0&uid=1266964,COMPLETE,200,http,GET,application/json;charset=UTF-8,/192.168.113.1,mobile.ximalaya.com/61.179.224.86,,11 十二月 2019 19:29:01,11 十二月 2019 19:29:01,11 十二月 2019 19:29:02,11 十二月 2019 19:29:02,698,,,,0,120,578,3.6904297,0.0,11.555664,1218,,662,758,,46.4%
http://mobile.ximalaya.com/mobile/v1/download/record?clientTraffic=171&downloadDuration=1207&downloadPercent=100.00&downloadSize=171&isBatch=false&isPaid=false&sendDataTime=1576063747040&sequenceId=1912101153008685431&signature=4e16f8bb37d1e90c57d87f4515e998e5&startTime=1576063745833&trackDuration=1483&trackId=13363497&verifyToken=4e16f8bb37d1e90c57d87f4515e998e5,COMPLETE,200,http,GET,application/json;charset=UTF-8,/192.168.113.1,mobile.ximalaya.com/61.179.224.86,,11 十二月 2019 19:29:01,11 十二月 2019 19:29:01,11 十二月 2019 19:29:02,11 十二月 2019 19:29:02,627,,,,0,103,524,3.2421875,0.0,6.1435547,1434,,629,19,,
http://xdcs-collector.ximalaya.com/api/v1/statistics,COMPLETE,200,http,POST,text/plain;charset=UTF-8,/192.168.113.1,xdcs-collector.ximalaya.com/112.240.62.188,,11 十二月 2019 19:29:01,11 十二月 2019 19:29:01,11 十二月 2019 19:29:01,11 十二月 2019 19:29:01,66,,,,1,1,64,34.75586,1572.2656,721.6797,1226,384,678,61,88.4%,-134.6%
http://download.xmcdn.com/group12/M09/27/F9/wKgDW1bunVeToEffADDi_BsRBoE735.m4a,COMPLETE,200,http,GET,text/html;,/192.168.113.1,download.xmcdn.com/119.167.172.213,,11 十二月 2019 19:29:02,11 十二月 2019 19:29:02,11 十二月 2019 19:29:02,11 十二月 2019 19:29:02,19,2,13,,1,1,2,18.348633,181.64062,166.99219,186,,0,171,,
http://mobile.ximalaya.com/mobile/v1/download/record?clientTraffic=171&downloadDuration=894&downloadPercent=100.00&downloadSize=171&isBatch=false&isPaid=false&sendDataTime=1576063747941&sequenceId=4181997290889788032&signature=594a225b1e8444920a8be2117082a0d2&startTime=1576063747047&trackDuration=1037&trackId=13395856&verifyToken=594a225b1e8444920a8be2117082a0d2,COMPLETE,200,http,GET,application/json;charset=UTF-8,/192.168.113.1,mobile.ximalaya.com/61.179.224.86,,11 十二月 2019 19:29:02,11 十二月 2019 19:29:02,11 十二月 2019 19:29:03,11 十二月 2019 19:29:03,599,,,,0,96,503,3.3876953,0.0,6.560547,1433,,626,19,,
http://mobile.ximalaya.com/mobile/download/v1/1266964/track/13395857/ts-1576063748113?device=android&trackId=13395857&trackQualityLevel=0&uid=1266964,COMPLETE,200,http,GET,application/json;charset=UTF-8,/192.168.113.1,mobile.ximalaya.com/61.179.224.86,,11 十二月 2019 19:29:02,11 十二月 2019 19:29:02,11 十二月 2019 19:29:03,11 十二月 2019 19:29:03,606,,,,0,97,509,4.2470703,0.0,14.275391,1218,,662,756,,46.5%
http://download.xmcdn.com/group11/M08/33/5F/wKgDbVbunayiG3GDADKdR5hK95E990.m4a,COMPLETE,200,http,GET,text/html;,/192.168.113.1,download.xmcdn.com/119.167.172.213,,11 十二月 2019 19:29:03,11 十二月 2019 19:29:03,11 十二月 2019 19:29:03,11 十二月 2019 19:29:03,18,2,13,,0,0,3,19.368164,0.0,0.0,186,,0,171,,
http://mobile.ximalaya.com/mobile/v1/download/record?clientTraffic=171&downloadDuration=832&downloadPercent=100.00&downloadSize=171&isBatch=false&isPaid=false&sendDataTime=1576063748944&sequenceId=4800075057349245618&signature=164498e418cf14cba30210256776c3f7&startTime=1576063748112&trackDuration=1074&trackId=13395857&verifyToken=164498e418cf14cba30210256776c3f7,COMPLETE,200,http,GET,application/json;charset=UTF-8,/192.168.113.1,mobile.ximalaya.com/61.179.224.86,,11 十二月 2019 19:29:03,11 十二月 2019 19:29:03,11 十二月 2019 19:29:04,11 十二月 2019 19:29:04,592,,,,1,90,501,3.430664,1399.4141,7.0195312,1433,,628,19,,
http://mobile.ximalaya.com/mobile/download/v1/1266964/track/13395858/ts-1576063749097?device=android&trackId=13395858&trackQualityLevel=0&uid=1266964,COMPLETE,200,http,GET,application/json;charset=UTF-8,/192.168.113.1,mobile.ximalaya.com/61.179.224.86,,11 十二月 2019 19:29:04,11 十二月 2019 19:29:04,11 十二月 2019 19:29:05,11 十二月 2019 19:29:06,1344,,,,1,136,1207,1.9130859,1189.4531,10.166992,1218,,662,754,,46.6%
http://download.xmcdn.com/group13/M01/28/40/wKgDXlbuoAGjiQOfAGDyymbO7vs104.m4a,COMPLETE,200,http,GET,text/html;,/192.168.113.1,download.xmcdn.com/119.167.172.213,,11 十二月 2019 19:29:06,11 十二月 2019 19:29:06,11 十二月 2019 19:29:06,11 十二月 2019 19:29:06,24,7,14,,0,1,2,14.526367,0.0,166.99219,186,,0,171,,
http://mobile.ximalaya.com/mobile/download/v1/1266964/track/13395859/ts-1576063752185?device=android&trackId=13395859&trackQualityLevel=0&uid=1266964,COMPLETE,200,http,GET,application/json;charset=UTF-8,/192.168.113.1,mobile.ximalaya.com/61.179.224.86,,11 十二月 2019 19:29:06,11 十二月 2019 19:29:06,11 十二月 2019 19:29:07,11 十二月 2019 19:29:08,1176,,,,0,198,978,2.1796875,0.0,6.944336,1218,,662,746,,47.1%
http://mobile.ximalaya.com/mobile/v1/download/record?clientTraffic=171&downloadDuration=3077&downloadPercent=100.00&downloadSize=171&isBatch=false&isPaid=false&sendDataTime=1576063752172&sequenceId=-6995149542188078168&signature=2606b35cf62ba01b8f233ff9cd3f0731&startTime=1576063749095&trackDuration=2058&trackId=13395858&verifyToken=2606b35cf62ba01b8f233ff9cd3f0731,COMPLETE,200,http,GET,application/json;charset=UTF-8,/192.168.113.1,mobile.ximalaya.com/61.179.224.86,,11 十二月 2019 19:29:06,11 十二月 2019 19:29:06,11 十二月 2019 19:29:07,11 十二月 2019 19:29:07,1044,,,,0,205,839,1.9472656,0.0,3.0820312,1435,,628,19,,
http://download.xmcdn.com/group7/M05/29/08/wKgDWlbunqzSwwsYAD42r-1eN9U196.m4a,COMPLETE,200,http,GET,text/html;,/192.168.113.1,download.xmcdn.com/119.167.172.213,,11 十二月 2019 19:29:08,11 十二月 2019 19:29:08,11 十二月 2019 19:29:08,11 十二月 2019 19:29:08,19,2,14,,0,1,2,18.296875,0.0,166.99219,185,,0,171,,
http://mobile.ximalaya.com/mobile/v1/download/record?clientTraffic=171&downloadDuration=1483&downloadPercent=100.00&downloadSize=171&isBatch=false&isPaid=false&sendDataTime=1576063753664&sequenceId=3577924946918884574&signature=e582e1de5d7258593afab7c3d9370f25&startTime=1576063752181&trackDuration=1320&trackId=13395859&verifyToken=e582e1de5d7258593afab7c3d9370f25,COMPLETE,200,http,GET,application/json;charset=UTF-8,/192.168.113.1,mobile.ximalaya.com/61.179.224.86,,11 十二月 2019 19:29:08,11 十二月 2019 19:29:08,11 十二月 2019 19:29:09,11 十二月 2019 19:29:09,871,,,,0,161,710,2.3339844,0.0,3.9296875,1434,,629,19,,
https://hm.baidu.com,RECEIVING_REQUEST_BODY,0,https,CONNECT,,/127.0.0.1,hm.baidu.com/202.108.23.152,,11 十二月 2019 19:29:15,,,,2532,3,2,,,,,0.09472656,,,214,32,,0,,
